Workbook

Sheet Sales
A1: Date | B1: Invoice_Number | C1: Customer_ID | D1: Gross_Value | E1: Net_Value | F1: Cek invoice AR | G1: ar amount | H1: Period
A2: 45658 | B2: INV-20250101-39394 | C2: CUST-1033 | D2: 5237284 | E2: 4689472 | F2: =COUNTIF(AR!B$2:B$14683,Sales!B2) -> 1 | G2: =VLOOKUP(B2,AR!$B$2:$E$14683,4,0) -> 1782822 | H2: =VLOOKUP(B2,AR!$B$2:$F$14683,5,0) -> 45688
A3: 45658 | B3: INV-20250101-110684 | C3: CUST-1148 | D3: 1938313 | E3: 1705701 | F3: =COUNTIF(AR!B$2:B$14683,Sales!B3) -> 0 | G3: =VLOOKUP(B3,AR!$B$2:$E$14683,4,0) -> #N/A | H3: =VLOOKUP(B3,AR!$B$2:$F$14683,5,0) -> #N/A
A4: 45658 | B4: INV-20250101-109291 | C4: CUST-1134 | D4: 14583151 | E4: 12833061 | F4: =COUNTIF(AR!B$2:B$14683,Sales!B4) -> 1 | G4: =VLOOKUP(B4,AR!$B$2:$E$14683,4,0) -> 2545330 | H4: =VLOOKUP(B4,AR!$B$2:$F$14683,5,0) -> 45688
A5: 45658 | B5: INV-20250101-103113 | C5: CUST-1072 | D5: 4238622 | E5: 3729955 | F5: =COUNTIF(AR!B$2:B$14683,Sales!B5) -> 1 | G5: =VLOOKUP(B5,AR!$B$2:$E$14683,4,0) -> 929581 | H5: =VLOOKUP(B5,AR!$B$2:$F$14683,5,0) -> 45688
A6: 45658 | B6: INV-20250101-103159 | C6: CUST-1073 | D6: 5820158 | E6: 5121695 | F6: =COUNTIF(AR!B$2:B$14683,Sales!B6) -> 0 | G6: =VLOOKUP(B6,AR!$B$2:$E$14683,4,0) -> #N/A | H6: =VLOOKUP(B6,AR!$B$2:$F$14683,5,0) -> #N/A
A7: 45658 | B7: INV-20250101-103171 | C7: CUST-1073 | D7: 5919753 | E7: 5209337 | F7: =COUNTIF(AR!B$2:B$14683,Sales!B7) -> 1 | G7: =VLOOKUP(B7,AR!$B$2:$E$14683,4,0) -> 1229133 | H7: =VLOOKUP(B7,AR!$B$2:$F$14683,5,0) -> 45688
A8: 45658 | B8: INV-20250101-109403 | C8: CUST-1135 | D8: 13346938 | E8: 11745203 | F8: =COUNTIF(AR!B$2:B$14683,Sales!B8) -> 1 | G8: =VLOOKUP(B8,AR!$B$2:$E$14683,4,0) -> 2399848 | H8: =VLOOKUP(B8,AR!$B$2:$F$14683,5,0) -> 45688
A9: 45658 | B9: INV-20250101-106805 | C9: CUST-1109 | D9: 14843326 | E9: 13062013 | F9: =COUNTIF(AR!B$2:B$14683,Sales!B9) -> 1 | G9: =VLOOKUP(B9,AR!$B$2:$E$14683,4,0) -> 2149119 | H9: =VLOOKUP(B9,AR!$B$2:$F$14683,5,0) -> 45688
A10: 45658 | B10: INV-20250101-106795 | C10: CUST-1109 | D10: 8647812 | E10: 7610008 | F10: =COUNTIF(AR!B$2:B$14683,Sales!B10) -> 0 | G10: =VLOOKUP(B10,AR!$B$2:$E$14683,4,0) -> #N/A | H10: =VLOOKUP(B10,AR!$B$2:$F$14683,5,0) -> #N/A
A11: 45658 | B11: INV-20250101-110456 | C11: CUST-1146 | D11: 9241855 | E11: 8132762 | F11: =COUNTIF(AR!B$2:B$14683,Sales!B11) -> 0 | G11: =VLOOKUP(B11,AR!$B$2:$E$14683,4,0) -> #N/A | H11: =VLOOKUP(B11,AR!$B$2:$F$14683,5,0) -> #N/A
A12: 45658 | B12: INV-20250101-103700 | C12: CUST-1078 | D12: 4903382 | E12: 4314939 | F12: =COUNTIF(AR!B$2:B$14683,Sales!B12) -> 1 | G12: =VLOOKUP(B12,AR!$B$2:$E$14683,4,0) -> 334418 | H12: =VLOOKUP(B12,AR!$B$2:$F$14683,5,0) -> 45688
A13: 45658 | B13: INV-20250101-103753 | C13: CUST-1079 | D13: 3743399 | E13: 3294162 | F13: =COUNTIF(AR!B$2:B$14683,Sales!B13) -> 1 | G13: =VLOOKUP(B13,AR!$B$2:$E$14683,4,0) -> 279406 | H13: =VLOOKUP(B13,AR!$B$2:$F$14683,5,0) -> 45688
... A20941: 46022 | B20941: INV-20251231-98427 | C20941: CUST-1019 | D20941: 13019735 | E20941: 11783090 | F20941: =COUNTIF(AR!B$2:B$14683,Sales!B20941) -> 0 | G20941: =VLOOKUP(B20941,AR!$B$2:$E$14683,4,0) -> #N/A | H20941: =VLOOKUP(B20941,AR!$B$2:$F$14683,5,0) -> #N/A

Sheet AR
A1: EOM_Period | B1: Invoice_Number | C1: Invoice_Date | D1: Customer_ID | E1: Remaining_Amount
A2: 45688 | B2: INV-20250101-39394 | C2: 45658 | D2: CUST-1033 | E2: 1782822 | F2: =A2 -> 45688
A3: 45688 | B3: INV-20250101-109291 | C3: 45658 | D3: CUST-1134 | E3: 2545330 | F3: =A3 -> 45688
A4: 45688 | B4: INV-20250101-103113 | C4: 45658 | D4: CUST-1072 | E4: 929581 | F4: =A4 -> 45688
A5: 45688 | B5: INV-20250101-103171 | C5: 45658 | D5: CUST-1073 | E5: 1229133 | F5: =A5 -> 45688
A6: 45688 | B6: INV-20250101-109403 | C6: 45658 | D6: CUST-1135 | E6: 2399848 | F6: =A6 -> 45688
A7: 45688 | B7: INV-20250101-106805 | C7: 45658 | D7: CUST-1109 | E7: 2149119 | F7: =A7 -> 45688
A8: 45688 | B8: INV-20250101-103700 | C8: 45658 | D8: CUST-1078 | E8: 334418 | F8: =A8 -> 45688
A9: 45688 | B9: INV-20250101-103753 | C9: 45658 | D9: CUST-1079 | E9: 279406 | F9: =A9 -> 45688
A10: 45688 | B10: INV-20250101-110685 | C10: 45658 | D10: CUST-1148 | E10: 744828 | F10: =A10 -> 45688
A11: 45688 | B11: INV-20250101-103883 | C11: 45658 | D11: CUST-1080 | E11: 518216 | F11: =A11 -> 45688
A12: 45688 | B12: INV-20250101-106362 | C12: 45658 | D12: CUST-1105 | E12: 2168540 | F12: =A12 -> 45688
A13: 45688 | B13: INV-20250101-105853 | C13: 45658 | D13: CUST-1100 | E13: 391920 | F13: =A13 -> 45688
... A14683: 46022 | B14683: INV-20251231-54134 | C14683: 46022 | D14683: CUST-1024 | E14683: 381060 | F14683: =A14683 -> 46022
